,text,timestamp_ms
0,rt uptopculture got women room laughing girl lookin stank face,2019-01-02 06:38:00.000
1,rt stoned2thabones “ aye come outside bouta smoke ”,2019-01-02 06:38:00.000
2,arianagrande jonescrow alfredoflores ily,2019-01-02 06:38:00.000
3,rt jiminsiy ’ rly happening,2019-01-02 06:38:00.000
4,rt marianayrobles 2018 tested loyalty amp many ’ folded,2019-01-02 06:38:00.000
5,could funny except ’ really,2019-01-02 06:38:00.000
6,rt mikel_jollett see ’ going pretend learned nothing 2016 fact smart woman super threatening to…,2019-01-02 06:38:00.000
7,assuming message probably never experienced ownership diesel powered car even start c…,2019-01-02 06:38:00.000
8,omg ot12 heart miss two goofballs,2019-01-02 06:38:00.000
9,rt inquirerdotnet kisses delavin ’ parents gilbert carrie proved indeed “ forever ” marked 25th wedding annive…,2019-01-02 06:38:00.000
10,drunk lowkey takes cute selfies yes ’ toy story curtain,2019-01-02 06:38:00.000
11,im going closeted k*vin stan might well ult,2019-01-02 06:38:01.000
12,raywilliamjohnsonisoverparty unblock hooverr 's video stop blocking quackity gt,2019-01-02 06:38:01.000
13,rt candyscribbles happy maichard keep smiling aldenrichards02 mainedcm ️ aldenrichardsat27,2019-01-02 06:38:01.000
14,rt qaisisaleem refugees please look iraqi refugees turkey save future children fled death ask you…,2019-01-02 06:38:01.000
15,rt archillect,2019-01-02 06:38:01.000
16,lordandguard slowly looks 4th wall – really went,2019-01-02 06:38:01.000
17,rt lovelyhyunjinn thank later,2019-01-02 06:38:01.000
18,rt ghiowing next boo gettin idc idc idc,2019-01-02 06:38:01.000
19,rt ghiowing next boo gettin idc idc idc,2019-01-02 06:38:01.000
20,rt nobisha ’ get upset angry small things keep cool expect unexpected ’ life,2019-01-02 06:38:02.000
21,rt bleacherreport ben simmons inbounds play,2019-01-02 06:38:02.000
22,rt cantstopulovinm modigovt landmark year delhi hc 34yrs mass killing sikhs riots swept country congress l…,2019-01-02 06:38:02.000
23,rt alovelyliii lol ok ’ done trying next,2019-01-02 06:38:02.000
24,rt ultchanyeolpark happiness happiness,2019-01-02 06:38:02.000
25,rt ultchanyeolpark happiness happiness,2019-01-02 06:38:02.000
26,rt gcfvk ’ beautiful cutest baby ’ ever seen,2019-01-02 06:38:03.000
27,rt _lizl0 lmaooooo yeooooo whole video pocket .. wait till end,2019-01-02 06:38:03.000
28,start fw someone everyone got story tell,2019-01-02 06:38:03.000
29,rt trapmoneyzenny bitches talking bout ayesha curry baby 3 times ... uhhhhhh yeah bitch ’ happens one…,2019-01-02 06:38:03.000
30,finally_loud lol twitter aint never poppin like,2019-01-02 06:38:03.000
31,2018 taught girls ’ shit,2019-01-02 06:38:03.000
32,south korea ban disposable plastic bags supermarkets 2019 report via channelnewsasia,2019-01-02 06:38:03.000
33,well interesting ...,2019-01-02 06:38:03.000
34,rt _sexualgrande thedailybeast names sweetener best album 2018,2019-01-02 06:38:04.000
35,rt flowershellbomb retweet 10 seconds good luck 2019,2019-01-02 06:38:04.000
36,rt oh_mes bae jinyoung received several offers appear dramas expected focus singer plans fo…,2019-01-02 06:38:04.000
37,feel reality phone u piece shit..,2019-01-02 06:38:05.000
38,rt caliadomenico absolutely beautiful video created using still images taken cassini spacecraft flyby jupiter wh…,2019-01-02 06:38:05.000
39,rt richy70009078 freckle hoon,2019-01-02 06:38:05.000
40,rt mustafaaliwwe battle air idol becoming rival reymysterio sdlive,2019-01-02 06:38:05.000
41,rt _lizl0 lmaooooo yeooooo whole video pocket .. wait till end,2019-01-02 06:38:03.000
42,rt kvngspice morgan freeman reviewing 2018 best thing seen today,2019-01-02 06:38:05.000
43,speaksinhand like huh someone must screwed hard wind bitter old man yeah…,2019-01-02 06:38:05.000
44,rt buttgrabbing unpopular opinion respect kanye takes lot guts someone influence voice o…,2019-01-02 06:38:05.000
45,scottadamssays **why strive end steam emissions *** mankind multiplied sevenfold earth in…,2019-01-02 06:38:05.000
46,year taking advice facts,2019-01-02 06:38:06.000
47,rt colummmna brain hears tokyo drift,2019-01-02 06:38:06.000
48,rt feohthai ｡★*ﾟﾟ*★∵★*ﾟﾟ*★｡ ☆ﾟ ﾟ☆ﾟ ﾟ☆ ★* ♡happy♡ *★ ﾟ☆｡new year ｡☆ﾟ *★｡ ♡2019♡ ｡★* ∵☆｡ ｡☆∵…,2019-01-02 06:38:06.000
49,rt uicyyy ’ grown fuck amp still ’ know apologize friend people lol,2019-01-02 06:38:06.000
50,rt dodo cat saw puppy needed mom adopted,2019-01-02 06:38:06.000
51,rt streamme 're giving mood decided awesome console game bundle december giveaway ps4 pro amp red dead…,2019-01-02 06:38:06.000
52,rt dodo cat saw puppy needed mom adopted,2019-01-02 06:38:06.000
53,rt akshaykatariyaa 1 lakh christians participated 'women wall sabarimala entry alongwith many christian organisations we…,2019-01-02 06:38:06.000
54,rt xanderethan1010 wow never fail disappoint pbbabscbn direklauren worst pbb season ever know excellent choice of…,2019-01-02 06:38:06.000
55,rt sfeanrdin_ girl laughs talks lot seem happy also girl may cry sleep,2019-01-02 06:38:06.000
56,rt saracarterdc great investigative work ... sad state affairs- money could ’ helped many children,2019-01-02 06:38:06.000
57,rt chrisshammer 'm federal worker currently hostage stupid government shutdown secure border stop welfare programs exc…,2019-01-02 06:38:06.000
58,rt notmgf28 every female,2019-01-02 06:38:05.000
59,spent first day year 1,2019-01-02 06:38:06.000
60,rt hon5h0 2019 less talk work,2019-01-02 06:38:07.000
61,rt noviaini lanyun using petkit limited edition food bowl tao spoils daughter limited edition stuffs lol,2019-01-02 06:38:07.000
62,stab heart,2019-01-02 06:38:07.000
63,rt archiveofpjms jimin ’ lips thread,2019-01-02 06:38:07.000
64,rt madhukishwar `` jawans indian army slept outside -9° keep us warm '' news wo n't covered national media conco…,2019-01-02 06:38:07.000
65,rt 23rd_goddess church today woman came ask mum wear much makeup mum return asked 3 children…,2019-01-02 06:38:07.000
66,rt virgilsanxietys // trinity_no bad person needs account taken constantly hating someone also bein…,2019-01-02 06:38:07.000
67,memories magical afterlife paranormal supernatural occult metaphysical…,2019-01-02 06:38:07.000
68,rt f_con little kukui start year,2019-01-02 06:38:08.000
69,sis stophwjwjwbwnwj real tho lyrics ’ trash progression difference lyrics…,2019-01-02 06:38:08.000
70,rt ventiskull think whenever encounter good zenyatta players anyway love much,2019-01-02 06:38:08.000
71,farishtay sky plz wish ibn adam thanks,2019-01-02 06:38:07.000
72,rt berry_berry77 신재민 노이즈마케팅 따봉주세요 ㅠㅠ,2019-01-02 06:38:09.000
73,rt levie 1. solve *one* problem one paid attention really big potential existing market insanely well 2. “ li…,2019-01-02 06:38:09.000
74,rt mookkpim กำลังใจที่ดีที่สุด happynewyear2019 portochinocountdown2019 kristsingtocountdown2019 ทีมพีรญา,2019-01-02 06:38:09.000
75,rt yuantalks case n't understand difference btw two pmi official pmi mainly tracks large-sized companies mostly soes.…,2019-01-02 06:38:09.000
76,ross_rlz told dave karger ca n't really fan cary grant gene kelly based n't se…,2019-01-02 06:38:09.000
77,rt benfinfer marvin lewis hired bengals 2003. ’ hard believe professional sports franchise would sit back an…,2019-01-02 06:38:10.000
78,rt cdyrnkn ’ 2019 means five year ban rainforest café trying wrestle crocodile finally ’ coming fo…,2019-01-02 06:38:10.000
79,rt danrather elizabeth warren announces 's running already judgements come flooding chance a…,2019-01-02 06:38:10.000
80,harithhandsome lai ahh,2019-01-02 06:38:10.000
81,rt mariahscoop watch reginevalcasid sing mariahcarey 's `` never far '' asap philippine tv show one word fantastic mariahca…,2019-01-02 06:38:10.000
82,rt joelklatt reality georgia season following 1 11 wins fantastic 2 lost 3 best teams faced 3 t…,2019-01-02 06:38:10.000
83,rt mistydownunder time last year decided put name like everyone corner never regretted decis…,2019-01-02 06:38:10.000
84,rt theashleon ’ funny,2019-01-02 06:38:10.000
85,adamsashleigh22 uh hello live former dancer ’ give lessons girlfran,2019-01-02 06:38:10.000
86,rt tiyanitee ces2019 happening next week wished attend person oh well 2020 eventually will…,2019-01-02 06:38:10.000
87,slow movie player shows films fraction normal speed,2019-01-02 06:38:10.000
88,rt thegreatkhalid turning 21 year life crazy,2019-01-02 06:38:11.000
89,rt gomezsourcemp4 rt know least one songs,2019-01-02 06:38:11.000
90,rt andrewnadeau0 nye party midnight happy new year bud host ’ cat ’ hanging night mew yea…,2019-01-02 06:38:11.000
91,rt lsthatyaenergy ’ eating pussy asks taste,2019-01-02 06:38:11.000
92,rt maiya460 ’ hard person gives easily loves hard feels much ’ also blessing one,2019-01-02 06:38:11.000
93,rt minaandmaya saw tired maned wolf dying thirst brave guys caught amp drove forest give water ‍ '' ho…,2019-01-02 06:38:11.000
94,rt notsportscenter georgia “ belonged playoff. ” texas belonged playoff,2019-01-02 06:38:11.000
95,rt armys__crew bighit worth 2.5 trillion 've surpassed big3 ’ networks double making high…,2019-01-02 06:38:11.000
96,treasonstickers housing veterans recovering physically mentally financially ... fully paid medical treatments,2019-01-02 06:38:11.000
97,rt hstylespics,2019-01-02 06:38:11.000
98,walledov,2019-01-02 06:38:11.000
99,rt only1two sevaw,2019-01-02 06:38:12.000
100,rt abdullah_0mar time huffpostindia supporting masrat alam alam supported pak amp terrorists activities 2010. 100…,2019-01-02 06:38:12.000
101,people app precious deserve whole world nothing less half deserve t…,2019-01-02 06:38:12.000
102,rt foxsports hook 'em texas dominates knock 5 georgia sugarbowl,2019-01-02 06:38:12.000
103,rt deathgrounds n n u n c n g apocalypse greenelephanttx,2019-01-02 06:38:12.000
104,rt anthemrespect california cabal nancypelosi jerrybrowngov senfeinstein gavinnewsom maxinewaters kamalaharris kdeleon ’ …,2019-01-02 06:38:12.000
105,fetus jungoo *crying dorm showing front door,2019-01-02 06:38:12.000
106,purifiedst0rm got,2019-01-02 06:38:12.000
107,new easy tax resolution service dublin ca help small medium businesses,2019-01-02 06:38:12.000
108,rt mxwonchae dispatch *following wonho* boss news dispatch ’ phone crying hours mumbling something like mon…,2019-01-02 06:38:13.000
109,mentalobstacle nobody likes fucking quitter get back work,2019-01-02 06:38:13.000
110,rt tamu_ut_rivalry |￣￣￣￣￣￣￣￣￣￣￣| texas texas amp play football every single year |…,2019-01-02 06:38:13.000
111,rt maydewight baueroutage atrociousxhibit castrovince indians ckluber therealtrizzo egoldie80 hammernation19 chrisoldach nickca…,2019-01-02 06:38:13.000
112,shofu ’ calling boy ’ lost night ’ feeling lucky ultimate give best boo,2019-01-02 06:38:13.000
113,rt vocalkingtae ’ song you… intro singularity bts v 방탄소년단뷔 뷔,2019-01-02 06:38:13.000
114,yayergangcoolee said east 6 since jordan gone false jordan retired west ret…,2019-01-02 06:38:13.000
115,liked youtube video jesse vs johnny tran rematch fast furious paul walker meet,2019-01-02 06:38:13.000
116,realdonaldtrump many illegal aliens fly planes next,2019-01-02 06:38:14.000
117,rt arjun1on happy associated sakthivelan tt area release viswasam,2019-01-02 06:38:14.000
118,tae_116_ cuz outstanding field,2019-01-02 06:38:14.000
119,rt gnothisea get fixed self thoughts drop mind nothing bundle of…,2019-01-02 06:38:14.000
120,rt juliereichwein1 juliereichwein1 follow back maga patriots nancy pelosi democratic party please retweet fo…,2019-01-02 06:38:14.000
121,rt angie_karan taking hundreds innocent lives picture humanity must wake ’ wrong barbaric kill…,2019-01-02 06:38:14.000
122,rt norinchi_df hey rog promise play doubles strictly necessary,2019-01-02 06:38:15.000
123,rt heyitsatoria best thing ’ seen,2019-01-02 06:38:15.000
124,rt ilovebeinblack lmaoo father almost heart attack,2019-01-02 06:38:15.000
125,mmhh ready play myfreecams onmfc joi cei roleplay cuck sissy taboo goddess worship paypig,2019-01-02 06:38:15.000
126,since last 2 months swati_gs single-handedly exposed fact checker indiaspend admitted data was…,2019-01-02 06:38:15.000
127,rt exocultism eyes sooo pretty baby boy energy,2019-01-02 06:38:16.000
128,rt boonaamohammed called believer n't live according beliefs,2019-01-02 06:38:16.000
129,rt blueuniverse_w 180819 everywhere tour seoul 오랫동안 행복했으면 좋겠어 많이 사랑해 위너 강승윤 이승훈 승윤 승훈 winner seungyoon seunghoon yoon h…,2019-01-02 06:38:16.000
130,sickest ’ long ’ still happiest ’ super confusing ’ gon na ride woooohoooo,2019-01-02 06:38:16.000
131,topics eg public health policy means broadcast media reproduces propaganda uncritica…,2019-01-02 06:38:16.000
132,rt ramtrucks black always season photo credit curtis b.,2019-01-02 06:38:16.000
133,rt thedashingdr_k isabelle message enemies animalcrossing isabelle supersmashbrothersultimate supersmashbros sfm so…,2019-01-02 06:38:16.000
134,hello yall talk sis bored,2019-01-02 06:38:16.000
135,rt unclits last time show love get pain,2019-01-02 06:38:17.000
136,rt shefvaidya 2019 going battle battles mullahs missionaries marxists mccauley ’ kids mercenaries unite…,2019-01-02 06:38:17.000
137,wishing humanity soothing 2019,2019-01-02 06:38:17.000
138,rt apocalypto_12 12 hours live amp 5440 raised dbsalliance proud guys reaching goal exceeding…,2019-01-02 06:38:17.000
139,rt backbliss look happend add fuller 's earth bleach cream skin care tips urdu bleach beautysupply,2019-01-02 06:38:17.000
140,charlieintel infinityward good call duty game,2019-01-02 06:38:17.000
141,rt thebluntdoctor6 random guy club may buy drink sure *hands drinks over* fr- htt…,2019-01-02 06:38:17.000
142,rt retrogamerryan happy new year everyone may 2019 better 2018 tiny yarn pusheen believes ht…,2019-01-02 06:38:18.000
143,"rt ebuyhouseinc toyota advances plans replace takata airbags 65,000 vehicles toyota motor corp said wednesday advancing…",2019-01-02 06:38:18.000
144,rt theduckie908 baby said..,2019-01-02 06:38:18.000
145,rt flowgalindez hashtag today japantasticmayward,2019-01-02 06:38:18.000
146,rt gamercommunity wants one v-bucks giveaway winners -retweet-,2019-01-02 06:38:18.000
147,rt doctoremto one pre- wedding photos like 'm getting married,2019-01-02 06:38:18.000
148,rt plumperpass sexy milf extraordinaire lady lynn ladylynnxxx surprises stepson johnny kid johnnythekidxxx,2019-01-02 06:38:18.000
149,rt peterobi governments talks amount money spend infrastructure question infrastructu…,2019-01-02 06:38:18.000
150,rt malikoa 2018 set bar excited 2019 happy new year x,2019-01-02 06:38:18.000
151,rt melvingordon25 hahah couple hurricanes ’ know better onwisconsin,2019-01-02 06:38:18.000
152,thicj00n,2019-01-02 06:38:18.000
153,exactly 5 years ago today first kiss ’ dating big headed kid since,2019-01-02 06:38:18.000
154,rt nikkihaley due state dept rules changed outgoing administration clear personal twitter account t…,2019-01-02 06:38:19.000
155,rt jovanmhill yall never got bullied high school shows,2019-01-02 06:38:19.000
156,rt josiejoeeee funerals 2019 lord please continue protect loved ones,2019-01-02 06:38:19.000
157,rt trevwall outfit wear tonight 1 2,2019-01-02 06:38:19.000
158,rt shembe5 choice business needs attention tomorrow let 's mine 2019 see,2019-01-02 06:38:19.000
159,rt apocalypto_12 12 hours live amp 5440 raised dbsalliance proud guys reaching goal exceeding…,2019-01-02 06:38:19.000
160,rt bwayhrvy u ever think year 3000 literally 81 years away,2019-01-02 06:38:19.000
161,’ ’ finally recovering last night like new years eve new year ’ day bitch lit,2019-01-02 06:38:19.000
162,rt leo_tweets leo like piece expensive candy everyone wants everyone,2019-01-02 06:38:19.000
163,rt proxactears cheers everyone suicidal thoughts didnt end life year im fucking love much lets ke…,2019-01-02 06:38:20.000
164,'m strong physically mentally emotionally,2019-01-02 06:38:20.000
165,support baby bae jinyoung upcoming group love,2019-01-02 06:38:20.000
166,rt iilbaby4pf n't treat right person wrong,2019-01-02 06:38:20.000
167,rt eemanabbasi leave social justice exists aesthetic year proper social justice important amp inc…,2019-01-02 06:38:20.000
168,nimirpard 's bad laugh turn xd,2019-01-02 06:38:20.000
169,rt afterglow_kichi 루루루룽,2019-01-02 06:38:20.000
170,happy birthday ron dixon enchanted family love love eternity,2019-01-02 06:38:20.000
171,rt kwilli1046 'll never want smoke cigarettes,2019-01-02 06:38:20.000
172,handsets association unhappy draft electronics policy et telecom asmankotiaet,2019-01-02 06:38:20.000
173,rt foxyyloxy year ’ puttin bullshit amp shit makes happy,2019-01-02 06:38:21.000
174,rt evelynet_ ashdoezie sighbrattt 20 years find drs could never tell would get bunch if…,2019-01-02 06:38:21.000
175,rt drtlaleng queer couple wants get married getting difficultly someone officiate wedding kindly let kn…,2019-01-02 06:38:21.000
176,rt brycetache happy new year realdonaldtrump ’ hater ’ deranged ’ patriot value truth celebrate diversity…,2019-01-02 06:38:21.000
177,2016 malibu air conditioning a/c ac compressor oem 9k miles lkq~146437863,2019-01-02 06:38:21.000
178,hamadsardar1 straightfirec wwe_mandyrose,2019-01-02 06:38:21.000
179,rt rmconservative yeah minding business country border patrol came nowhere attack th…,2019-01-02 06:38:22.000
180,rt lfc robbo 's vision salah 's assist mane 's finish sadio 's goal vs arsenal angles ...,2019-01-02 06:38:22.000
181,love pic/archive accs double update accs,2019-01-02 06:38:22.000
182,rt tayyynicall oops,2019-01-02 06:38:22.000
183,job hialeah fl usa travel micu rn seeking travel micu rn join team respo s…,2019-01-02 06:38:22.000
184,rt luvierigom whatever jennie arrived paris 30th sept posted activities even got photos co…,2019-01-02 06:38:23.000
185,rt adoptablebuns debbie loving young dwarf norwalk ct.,2019-01-02 06:38:23.000
186,rt rulerofwind_sh sehun hyungs members/friends adore much ’ really lovely values someone really shows i…,2019-01-02 06:38:23.000
187,rt oh_mes lai guanlin film chinese variety show january chinese drama february join cube entertainment's…,2019-01-02 06:38:23.000
188,rt armys__crew wiom less 150k units get riaa gold certification amp dna less 70k fake love less 10k plati…,2019-01-02 06:38:23.000
189,rt onceorbt ū,2019-01-02 06:38:23.000
190,theartofhugot hi,2019-01-02 06:38:23.000
191,easy,2019-01-02 06:38:23.000
192,kept trying remember whole dream really ’ aagghhhh,2019-01-02 06:38:24.000
193,rt paige_nt blown,2019-01-02 06:38:24.000
194,rt angtanongkosayo `` love music explains exactly feel '',2019-01-02 06:38:24.000
195,rt leena_jelly big dick energy type shit,2019-01-02 06:38:24.000
196,rt sheeradha disgusting part world,2019-01-02 06:38:24.000
197,rt theledger winter looks complete big civic improvements year read,2019-01-02 06:38:24.000
198,rt desiringgod every tear god-given purpose every sorrow god-given direction allows pain fashioned bri…,2019-01-02 06:38:24.000
199,love giving subs two options decide one ballsy one safe ... want view s…,2019-01-02 06:38:24.000
200,rt indomymenfess idm kuylah mutualan rt/rep gengs bts_twt,2019-01-02 06:38:24.000
201,rt bretmanrock 2019 year extra,2019-01-02 06:38:24.000
202,rt rolandchief1 *1st day back school* last 3 brain cells,2019-01-02 06:38:24.000
203,say hello retweet tweet please harry_styles,2019-01-02 06:38:24.000
204,rt rihodd ’ one thought shoe flew away,2019-01-02 06:38:24.000
205,__garfieldd__ threw fucking torta weyyy,2019-01-02 06:38:24.000
206,rt juliadavisnews call paul whelan hostage putin ’ lawless state see previous tweets topic russian la…,2019-01-02 06:38:24.000
207,rt boiric one talking sad fuckd nail technicians provide luxury service work hard 2 ma…,2019-01-02 06:38:24.000
208,vexingvixxen good night miss vixx,2019-01-02 06:38:25.000
209,dad take work tomorrow dad ’ take scooter scooter work,2019-01-02 06:38:25.000
210,tell billy joel nowplaying listenlive,2019-01-02 06:38:25.000
211,rt diivesart +18 animation finally oolaytiger finished first project together get video patreon w…,2019-01-02 06:38:25.000
212,rt brokeangei middle aged white women leaving tip waitress ’ give enough butter bread,2019-01-02 06:38:25.000
213,rt thisisapam คือแบบ ...,2019-01-02 06:38:26.000
214,rt brithume nothing appealing republican voters guy happy trump ’ support campaign then…,2019-01-02 06:38:26.000
215,scientist couple southern california wins xprize machine creates water thin air,2019-01-02 06:38:26.000
216,rt lazywrita 16. walk place fans james brown edition,2019-01-02 06:38:26.000
217,rt taeirplanept2 need helpit take less minute press like rt buttonthank god bless thank r…,2019-01-02 06:38:26.000
218,rt civiihooker female singers literally put show like science fiction movie locals praise mumble rappers flat s…,2019-01-02 06:38:26.000
219,rt lovcrvision girl okay,2019-01-02 06:38:26.000
220,"rt zaytheflare run 1,000",2019-01-02 06:38:26.000
221,big notation via youtube,2019-01-02 06:38:26.000
222,exploring employment oppurtunity self,2019-01-02 06:38:26.000
223,rt wonderfulsone dispatch uhh boss 's dahyun lose second ago wtf dahyun,2019-01-02 06:38:27.000
224,rt fraistat nora crook amp grateful worked michael ’ neill volume 3 complete poetry percy bysshe shelley …,2019-01-02 06:38:27.000
225,girl boy yes indeed worth watching ... — watching bird box netflix,2019-01-02 06:38:27.000
226,gain spotify plays,2019-01-02 06:38:27.000
227,newprofilepic,2019-01-02 06:38:27.000
228,`` power believe self ... becomes power changes destiny '' genma shiranui,2019-01-02 06:38:28.000
229,rt catimgs,2019-01-02 06:38:28.000
230,fox-stag keeps away wo n't apparently 's friends wit bears,2019-01-02 06:38:28.000
231,wing_and_moon 다음 아이디용~,2019-01-02 06:38:28.000
232,silly_ca tabiharoridure え、違うの？,2019-01-02 06:38:29.000
233,rt jeoncrack good morning two always going,2019-01-02 06:38:29.000
234,rt luvierigom three posts oct 2nd let 's go eiffel tower bc photos are…,2019-01-02 06:38:29.000
235,rt squidward another day krusty krab oh joy,2019-01-02 06:38:29.000
236,rt alisonkoschny new year new,2019-01-02 06:38:29.000
237,rt alimmalih quran today written nearly 200 years mohammad written man book take i…,2019-01-02 06:38:29.000
238,rt djohnss1 man moved .. mind ’ fucking business,2019-01-02 06:38:29.000
239,rt kaylarwill ’ seriously committed protecting peace year,2019-01-02 06:38:30.000
240,rt cgtnofficial cold winter season pleasant thing houseplants inclined grow purify air w…,2019-01-02 06:38:30.000
241,myth vs. fact st patrick 's day 14 photos,2019-01-02 06:38:30.000
242,marcus_alannn ’ upper lip boiiii legit took shower hour ago foo,2019-01-02 06:38:30.000
243,rt sathyajyothi_ 10m+ views viswasam motion poster directorsiva sureshchandraa divomovies laharimus…,2019-01-02 06:38:31.000
244,rt spideyniel1210 daniel highly debut solo date yet confirmed probably jisung 's activities,2019-01-02 06:38:31.000
245,rt _orlannditoo_ new years resolution stop eating start working,2019-01-02 06:38:31.000
246,rt _netfreak everyone destiny everyone makes choice follow ~the lucky one ️,2019-01-02 06:38:31.000
247,rt maiamschief ’ said ’ one grateful man aldub/adn one fcs ’ important part life ’ family for…,2019-01-02 06:38:31.000
248,rt iamrockytherock chebeng cup success,2019-01-02 06:38:31.000
249,rt tedlieu pleased gop senator-elect mitt romney speaking truth realdonaldtrump hope n't another jeff fl…,2019-01-02 06:38:31.000
250,ready 2 ****** naturally man ruin everything,2019-01-02 06:38:31.000
251,rt talbertswan ’ tell us russia inflaming racial tensions american white supremacists murdering 7 yr-old black girls kic…,2019-01-02 06:38:32.000
252,rt emielene ’ know sandra bullock bird box bitch reason watched bird box sandra bullock,2019-01-02 06:38:32.000
253,rt beyondthesea613 army~ en la radio disney tenemos 3 canciones de bts_twt dentro del ranking 47 de argentina ly 》dna ly tear 》…,2019-01-02 06:38:32.000
254,rt junwu99 still working one really wish holidays ... ... happy 2019 theamazingworldofgumball,2019-01-02 06:38:32.000
255,rt glorious1127 190101 가요대제전 무슨 말이 필요한가..찬열 용안 최고최고^^7 exo⁠ ⁠ 찬열 chanyeol weareoneexo⁠ ⁠ loveshot 러브샷 ⁠ 어디에도_없을_완벽한_exo⁠ ⁠ weareone…,2019-01-02 06:38:32.000
256,rt nba ben simmons puts exclamation point sixers w heretheycome,2019-01-02 06:38:32.000
257,rt soowhatsteph using angles,2019-01-02 06:38:33.000
258,thestorykids bro woojin boy changbin husband seungmin childhood felix neighbour han lil bro i.n twins lino soulmate chris,2019-01-02 06:38:33.000
259,horstwalther ️,2019-01-02 06:38:33.000
260,rt shimmeringjimin since youtube could never justice 's bts 2018 rewind thank incredible year,2019-01-02 06:38:33.000
261,phew love 2019 far,2019-01-02 06:38:33.000
262,1f_st_ ifb 1first,2019-01-02 06:38:34.000
263,rt bt21world happy new year giveaway win bt21 come back school pack choice participate follow us bt21world rt…,2019-01-02 06:38:34.000
264,rt _garakuma_ bl00dthunder dubbed nobody ’ convenience,2019-01-02 06:38:34.000
265,rt oldmanmitch hope drake fucks kim,2019-01-02 06:38:34.000
266,want peace takes war get ...,2019-01-02 06:38:34.000
267,rt realdonaldtrump congratulations president jairbolsonaro made great inauguration speech u.s.a.,2019-01-02 06:38:34.000
268,rt poiyrhythms found video sinb eating inkigayo sandwich ... looked like enjoyed probably clue it…,2019-01-02 06:38:34.000
269,ilikecoby damn hate writing papers lol dbu actually met accounting majors conference a…,2019-01-02 06:38:35.000
270,ca n't wait ti post newyear vlog ️,2019-01-02 06:38:36.000
271,rt mikehudema morocco building solar farm big paris provide energy 24 hrs day solutions let 's imple…,2019-01-02 06:38:36.000
272,rt mraspinall “ ’ inspire people showing powerful inspire people showing powerful are. ” alexande…,2019-01-02 06:38:36.000
273,rt irishcelticeyes gofundthewall americafirst protectournation protectourcitizens godblessamerica maga,2019-01-02 06:38:36.000
274,snow level measures nearly 27 inches north mesa los alamos daily post,2019-01-02 06:38:36.000
275,rt brittneyjonesxx kitty likes abused wants help abuse click link watch videos,2019-01-02 06:38:36.000
276,rt techinsider fledbag device adjust much material want release,2019-01-02 06:38:36.000
277,rt laraydasavage2x think 2019 good year every one ’ praying everybody grow amp able sprinkle little of…,2019-01-02 06:38:36.000
278,rt chrystalg_ honolulu police officers new years,2019-01-02 06:38:36.000
279,pussy vida guerra free sex video teenage rectal exam new naked muscle babe pics ebony free porn sites,2019-01-02 06:38:37.000
280,rt oh_mes park jihoon received several offers dramas maroo says nothing decided maroo also says park jihoon wan…,2019-01-02 06:38:37.000
281,rt _leks_s less 100k followers retweet follow likes amp rts follow back list subscribers️…,2019-01-02 06:38:37.000
282,4000 3d-printed house could provide shelter world 's homeless,2019-01-02 06:38:37.000
283,old guard mac indy apps thrived 25 years slashdot,2019-01-02 06:38:37.000
284,hope,2019-01-02 06:38:37.000
285,rt jeonbubbles bobbong way heart,2019-01-02 06:38:37.000
286,rt knockknock0408 hq 190101 d.o cr.됴먼트,2019-01-02 06:38:38.000
287,rt akosihazzle happy birthday rj aldenrichards02 wish good health abs come sana makita namin yan year lol …,2019-01-02 06:38:38.000
288,rt aiymazingg thought would quiet chilled nye look outside window ... east ldn yh,2019-01-02 06:38:38.000
289,rt momwhopray judge worth value god says word somebody else treats ephesians 2:4-10,2019-01-02 06:38:38.000
290,roberwhite6 t_gags billshortenmp billshortenmp complete fool,2019-01-02 06:38:38.000
291,rt izreloaded exploring cities along europe 's danube river vikingcruises watch full video ……,2019-01-02 06:38:38.000
292,rt anunbotheredsis ’ rt ya mom ’ hoe,2019-01-02 06:38:38.000
293,rt getalifeaisha lmao 's lying n't find attractive lied get,2019-01-02 06:38:38.000
294,rt tayo_dips please retweet,2019-01-02 06:38:38.000
295,rt emartineeez say 2018 ’ best year life ivan amp went thru lot stuff took private w…,2019-01-02 06:38:39.000
296,rt espressoponies ’ something really therapeutic driving barn long windy roads favorite song repeat a…,2019-01-02 06:38:39.000
297,rt aoc social media ideas public servants looking build audience endorse single-payer medicare hold wall str…,2019-01-02 06:38:39.000
298,09:38 fallacy behind reasoning role inspection report inspection unit a…,2019-01-02 06:38:39.000
299,rt mbchavez86 official tag today japantasticmayward tweetretweetrequotereply '' akin na ang kamay mo '' -edward maymayentrata07…,2019-01-02 06:38:40.000
300,rt rplworld /rpl/ followan rt yo langsung follback -ong,2019-01-02 06:38:40.000
301,rt coreykeyz go double date amp couple starts kissing front us got ta start fuckin ’ competitive amp you…,2019-01-02 06:38:40.000
302,woulda grabbed dat bit tagged herb,2019-01-02 06:38:40.000
303,jescraven omg time always feel bad get tired move bc ’ o…,2019-01-02 06:38:40.000
304,rt onlyone0614 안녕하세요 onlyone입니다 이번 첫 단독 콘서트에서 태일에게 응원하기 위하여 이틀 동안 종이 슬로건 나눔을 진행하겠습니다 ️rt follow 태일 taeil nct nct127 nct…,2019-01-02 06:38:41.000
305,rt thouxanbanfauni hope everyone finds peace amp happiness outside people,2019-01-02 06:38:41.000
306,rt opindia_com sabarimala aided kerala police women belonging cpi-ml enter sabarimala violate age-old hindu customs,2019-01-02 06:38:41.000
307,rt savagejoymarie1 “ compromise ” ’ 2016 ’ taking big money donations pass skirting using words…,2019-01-02 06:38:41.000
308,rt barstoolsports chance guys ever lost case court,2019-01-02 06:38:41.000
309,"rt raegan_sweet 1,000 human ’ posted months 2018 instagram",2019-01-02 06:38:41.000
310,rt thehill texas county swears 17 black female judges historic midterm election,2019-01-02 06:38:41.000
311,strongly suspect bill gets senate floor romney vote will…,2019-01-02 06:38:41.000
312,rt joytotheeeworld gas tank going -e full full driving different full tank,2019-01-02 06:38:42.000
313,rt maitlandward 2019 come happy new year getready happynewyear,2019-01-02 06:38:42.000
314,rt mtuan93 happy new years hope everyone great 2019 새해 복 많이 받으세요~~ 2019년에 다들 행복하세요 우리 새들 사랑해요,2019-01-02 06:38:42.000
315,rt kevandokht game thrones s8 released april 2019 4 months till got 4 months till got 4 months till got 4 mor…,2019-01-02 06:38:42.000
316,rt subrizzlle ’ tired single ... whos tryna b like,2019-01-02 06:38:42.000
317,rt artdisease please use condom valentines day already many scorpios,2019-01-02 06:38:42.000
318,rt bt_than_ever 190102 bkk ten wayv weishenv 威神v,2019-01-02 06:38:42.000
319,viaviciousxo fucking,2019-01-02 06:38:42.000
320,rt justin_formed president trump warns enemies ... via youtube,2019-01-02 06:38:42.000
321,rt aboutvirgos comes sex virgos never much talking prefer let actions speak,2019-01-02 06:38:42.000
322,punkercheese woah woah ur telling ’ lebron ’ fault 3-2 spurs check number…,2019-01-02 06:38:42.000
323,rt socialistdogmom ah yes simplest amp universally understood unit time fuckings,2019-01-02 06:38:42.000
324,rt bebe_sope yoongi amp ️hobi sope,2019-01-02 06:38:42.000
325,rt maga_model 70 years half trillion dollars later un achieved opinion un best answer…,2019-01-02 06:38:43.000
326,rt whodafuckistiki kissing bae neck say “ go make sure door locked ”,2019-01-02 06:38:43.000
327,rt imjcsantiago retweet 10 seconds bad luck 2019,2019-01-02 06:38:43.000
328,binged watched netflix ’ seen highly suggest shit wild,2019-01-02 06:38:43.000
329,rt dodo cat saw puppy needed mom adopted,2019-01-02 06:38:43.000
330,rt hightaec post title “ taecyeon ’ goal returning captain korea body idol body ” knetz quite sad ’ going die…,2019-01-02 06:38:43.000
331,google cloud 's toby cosgrove data ai help transform health care without privacy risks…,2019-01-02 06:38:43.000
332,oh yeah also allelitewrestling going great,2019-01-02 06:38:43.000
333,rt lovlikejesus follow god 's lead never direct wrong,2019-01-02 06:38:44.000
334,sold soul,2019-01-02 06:38:44.000
335,rt _swvnn movie watch one time one time,2019-01-02 06:38:44.000
336,rt djay_shady blinked missed thank guys deadass,2019-01-02 06:38:44.000
337,katthegreattt happy new year,2019-01-02 06:38:44.000
338,rt chloetowntale 9. jangan tolak kata hati 2019prabowopresiden encychloepedia,2019-01-02 06:38:44.000
339,rt tommyleeedwards realdonaldtrump believe like believe putin mbs trash law enforcement sec…,2019-01-02 06:38:44.000
340,pollo fine af hook sis — chill ’ loyal,2019-01-02 06:38:44.000
341,colorifix raised 3 million fund help expansion norwich-based facility team build-out col…,2019-01-02 06:38:44.000
342,rt timesofislambad pia 2019 sets new criteria standards cabin crew,2019-01-02 06:38:45.000
343,rt the_unsilent_ recap year 2 minutes,2019-01-02 06:38:45.000
344,rt malickviews razaq dawood family right bid win govt contracts disassociates gov…,2019-01-02 06:38:45.000
345,rt chris_novas,2019-01-02 06:38:45.000
346,rt randomsplashes hoseok watching namgi basic math latest bts run btsfanart bts jhope rm suga,2019-01-02 06:38:45.000
347,rt oh_mes park jihoon received several offers dramas maroo says nothing decided maroo also says park jihoon wan…,2019-01-02 06:38:46.000
348,rt roundtablechest 무라마사내년신년기념ㅁ이벤트로나오면뒤질줄알어,2019-01-02 06:38:46.000
349,rt deepaksaxena88 let blow account gain massively ️follow retweet like fast ️follow turn n…,2019-01-02 06:38:46.000
350,rt oh_mes bae jinyoung received several offers appear dramas expected focus singer plans fo…,2019-01-02 06:38:46.000
351,rt tittydrop1 sunny soft touch oc drop katsurasugarbelt r/tittydrop nsfw adult girls girl photo hentai boob ho…,2019-01-02 06:38:46.000
352,rt this_bts_world_ 1월 1일 두컷만화다 ㅋㅋㅋㅋㅋㅋㅋㅋㅋㅋㅋㅋㅋㅋㅋㅋㅋㅋㅋㅋㅋㅋㅋㅋ,2019-01-02 06:38:46.000
353,peterpobjecky small number people wanting spend lot money preparing war making…,2019-01-02 06:38:46.000
354,rt jazz_south smooth jazz south florida streaming alexa/amazon `` alexa play smooth jazz south florida '' smoothjazzsouthflorid…,2019-01-02 06:38:46.000
355,rt flowgalindez hashtag today japantasticmayward,2019-01-02 06:38:46.000
356,finished watching happened monday actress amazing,2019-01-02 06:38:47.000
357,maybe expect much,2019-01-02 06:38:47.000
358,rip void best helped much wish could stayed strong,2019-01-02 06:38:47.000
359,rt marge0330 hello lovely friends schutty14 kanayama_ma elainerequina2x royjison salvadortrish21 imeldamazing serranodmarie …,2019-01-02 06:38:47.000
360,rt tomobuya001 hoping best customers comeall2019 tellafriendtotellafriend thankyoueverybody tomobuya001,2019-01-02 06:38:47.000
361,rt foolsicheng `` vem cadelinha '' wayv,2019-01-02 06:38:47.000
362,rt avawhite82103 flinches go put ur arms around someone else ’ hands questions some…,2019-01-02 06:38:47.000
363,rt justastag ️i want clean another man 's cum️,2019-01-02 06:38:47.000
364,yass woobinah going strong even lovelife,2019-01-02 06:38:47.000
365,rt knjsgaiaxy dispatch *following tae* boss news dispatch 're picnic river sir 's really nice,2019-01-02 06:38:48.000
366,rt passthesalty man needs go jail man grabs employee mcdonalds st petersburg fl ... fights back order i…,2019-01-02 06:38:48.000
367,rt juleshalvy monkeysventures mattsroadtrip lindapeters64 monstervoyage travelbugsworld adventuringgal carpediemeire karadidomizi…,2019-01-02 06:38:48.000
368,rt alexissullyy treat people way treat suddenly ’ problem..,2019-01-02 06:38:48.000
369,rt lotd_8 yg_treasurebox,2019-01-02 06:38:48.000
370,menshowingup,2019-01-02 06:38:48.000
371,rt kristianity_ “ wearing ” wearing heels,2019-01-02 06:38:49.000
372,rt worldwidewob ben simmons makes fool sindarious thornwell close game,2019-01-02 06:38:49.000
373,rt rplworld /rpl/ followan rt peka dn,2019-01-02 06:38:49.000
374,rt jeremybalbin pure wholesome interaction,2019-01-02 06:38:49.000
375,fury smashbros nintendoswitch,2019-01-02 06:38:49.000
376,pm attributes success win-win policy mutual trust cambodiafirst cambodia peace development stability…,2019-01-02 06:38:49.000
377,rt jinsoult___t sick girl groups sweet concepts mature concepts audience really wants 1400s plague doctor gi…,2019-01-02 06:38:50.000
378,sick ’ relationship shit,2019-01-02 06:38:50.000
379,’ vlogger posting videos everyday watch today ’ video,2019-01-02 06:38:50.000
380,og_jewlz thatheartgomez tuparceritaa understoodx4 decompiex hereby sentence ļįfe prison putting tl,2019-01-02 06:38:50.000
381,rt ayosogunro expensive cars worst roads modern gadgets poor power supply impressive buildings wit…,2019-01-02 06:38:50.000
382,kerala industrial minister ep jayarajan rightist forces destroying state closing sabarimala sad thin…,2019-01-02 06:38:50.000
383,rt dogintheclub1 paid get like,2019-01-02 06:38:50.000
384,rt boiric one talking sad fuckd nail technicians provide luxury service work hard 2 ma…,2019-01-02 06:38:50.000
385,rt dlsaanti really graduate five months.. im fuckn excited,2019-01-02 06:38:51.000
386,rt arjun1on happy associated sakthivelan tt area release viswasam,2019-01-02 06:38:51.000
387,rt zclactivities ’ year since ’ started account thank much supporting,2019-01-02 06:38:51.000
388,rt bangchinfess navi naviesss 's wednesday right big day us familly let 's celebrate together navi,2019-01-02 06:38:52.000
389,rt myjeojangmyeon ’ peachnable winknable magunable mandunable slatenable chamnable byeongnable ricenable minionable baenable gureum…,2019-01-02 06:38:52.000
390,rt dee_camron ired_aces,2019-01-02 06:38:52.000
391,-= 556.649 =- txs 1.225 size 928.72 kb stripped 753.40 kb time 1546411122 reward 12.5 btc fees 0.02931750…,2019-01-02 06:38:52.000
392,fortnite store accepts crypto – monero– fortnite fans buy merchandise for…,2019-01-02 06:38:52.000
393,rt anttoiines people whats type asian buffet,2019-01-02 06:38:53.000
394,rt colleenjulieee happy birthday best sister ever love endlessly️,2019-01-02 06:38:53.000
395,know xddd — knew typing style,2019-01-02 06:38:53.000
396,lnsldl odywilli vickthegodd ’ group chat vick remembers edit clicked saw willi,2019-01-02 06:38:53.000
397,rt b_saridjo country 5 billion dollars spend wall unacceptable,2019-01-02 06:38:53.000
398,teraryogrp,2019-01-02 06:38:53.000
399,rt goddess_pinay rtgame 8/8/8 42 hours unlimited comments 200 likes facebook log let ’ get party started fin…,2019-01-02 06:38:53.000
400,frostproug footbora,2019-01-02 06:38:53.000
401,vincentochola __anthonyng stvnngm nderi_j ketanvora4 absolutely held responsible action,2019-01-02 06:38:53.000
402,rt oh_mes park jihoon received several offers dramas maroo says nothing decided maroo also says park jihoon wan…,2019-01-02 06:38:53.000
403,vans blur check authentic skateshoesph,2019-01-02 06:38:53.000
404,rt wandelaquino23 round_brown,2019-01-02 06:38:54.000
405,rt m_malumfashi efcc want monitor campaign funds akeredolu donated 18 buses abdulmumin jibrin donated 150 cars apc campaign.…,2019-01-02 06:38:54.000
406,rt alexisescuadra1 tf raising ’ ghetto asses,2019-01-02 06:38:54.000
407,rt barackobama 2018 people stepped showed like never keep 2019. ’ got lot work ’ be…,2019-01-02 06:38:54.000
408,rt koreaboo bts rm speaks leader bts,2019-01-02 06:38:54.000
409,rt mrdiddy85 deport instead allowing areas become shit holes disgrace,2019-01-02 06:38:54.000
410,rt jobeegeorgeous showing daughter used us toddler hahaha yoga housework cooking 'm clinging on…,2019-01-02 06:38:54.000
411,rt kkamifoxes dispatch ’ able follow changbin runs across streets without checking cars,2019-01-02 06:38:54.000
412,like ’ surprising ’ expect dating ’ happy ’ seem to…,2019-01-02 06:38:54.000
413,rt chemetallna best wishes prosperous healthy new year,2019-01-02 06:38:54.000
414,aint nothing hate winter,2019-01-02 06:38:55.000
415,rt yarmone_95 kanyewest n't got time fuckery,2019-01-02 06:38:55.000
416,rt marie_brownsuga mom go hard ’ blessed,2019-01-02 06:38:55.000
417,rt baefirstsurname ️,2019-01-02 06:38:55.000
418,rt wwillee_ pray friends everyday never truly know ’ sharing dont wan na stress,2019-01-02 06:38:55.000
419,another one bites dust,2019-01-02 06:38:55.000
420,trying find look harder,2019-01-02 06:38:55.000
421,scottwalker rock still waiting crawl scott prefer hiding bridges scare children,2019-01-02 06:38:56.000
422,rt valysolo1 valentin team pleasure work excellent job painting flat replacing ...,2019-01-02 06:38:56.000
423,rt secnielsen midst humanitarian crisis border continue see increase children arriving illegally w…,2019-01-02 06:38:56.000
424,rt skprodoffl kanaa great run since release set hit screens kerala friday jan 4th siva_k…,2019-01-02 06:38:56.000
425,rt glofullsoul black women ’ cheat,2019-01-02 06:38:56.000
426,rt sugastethic apparently people seen pics video ’ welcome,2019-01-02 06:38:56.000
427,rt rockos_worldd never seen one give hard time comedian much ’ tiffany haddish ’ think amy shumer fu…,2019-01-02 06:38:56.000
428,rt king_louverture facts 's money season lol,2019-01-02 06:38:56.000
429,rt loslatinosdicen ¿mejor boy band del 2018 cncomusic bts_twt weareoneexo moratbanda,2019-01-02 06:38:56.000
430,rt zerachielamora mask lot fun 's start 2019 may good year horrific perhaps horror-ific …,2019-01-02 06:38:56.000
431,started year love haha ’ never able say best feeling ever,2019-01-02 06:38:56.000
432,’ stop thinking lan 2018,2019-01-02 06:38:57.000
433,rt whatpalitwears 181216 katye jang whatpalitwears เป๊กผลิตโชค peckpalitchoke thebluecarpetshowforunicef unicefthailandxpeck…,2019-01-02 06:38:57.000
434,akshaykatariyaa coolfunnytshirt hiding rats hole,2019-01-02 06:38:57.000
435,rt jbvdeberry quit tweeting stupid dog pack photographers surrounding,2019-01-02 06:38:57.000
436,rt djfreshx3 tonite show currensy recording djfreshdjfreshdjfresh,2019-01-02 06:38:57.000
437,’ meddlesome priest st thomas á beckett,2019-01-02 06:38:57.000
438,rt soompi excited month,2019-01-02 06:38:57.000
439,’ went viral many times without videos ’ ... .happy,2019-01-02 06:38:57.000
440,rt dailykos suicide opioid deaths economic inequality 's coincidence,2019-01-02 06:38:58.000
441,’ ready leave,2019-01-02 06:38:58.000
442,rt bickpixx felix cat still trademarked cartoons 1919-1923 public domain,2019-01-02 06:38:58.000
443,rt chuuzus 's 10 year anniversary 2009 ...,2019-01-02 06:38:58.000
444,rt realdonaldtrump gas prices low expected go year would good,2019-01-02 06:38:59.000
445,pathetic,2019-01-02 06:38:59.000
446,rt exoglobal trans 190102 leeseunggi.official ig '' feels like receive surprise present.. got flustered by…,2019-01-02 06:38:59.000
447,rt brendita_gomez ’ always insulting dehumanizing ppl ’ find attractive get hobby pls,2019-01-02 06:38:59.000
